{"cameraMode":{"drawMode":0,"name":"Shaded","section":"Shading Mode"},"sceneLighting":true,"audioPlay":false,"sceneViewState":{"m_AlwaysRefresh":false,"showFog":true,"showSkybox":true,"showFlares":true,"showImageEffects":true,"showParticleSystems":true,"showVisualEffectGraphs":true,"m_FxEnabled":true},"in2DMode":false,"pivot":{"x":223.65921020507813,"y":128.0745391845703,"z":31.249481201171876},"rotation":{"x":-0.028063300997018815,"y":0.30432233214378359,"z":0.008757401257753373,"w":0.9522061347961426},"size":29.240476608276368,"orthographic":false}